country,1975,1976,1977,1978,1979,1980,1981,1982,1983,1984,1985,1986,1987,1988,1989,1990,1991,1992,1993,1994,1995,1996,1997,1998,1999,2000,2001,2002,2003,2004,2005,2006,2007,2008,2009,2010,2011
Afghanistan,NA,NA,NA,NA,4.98746044198543,NA,NA,NA,NA,NA,NA,NA,NA,NA,NA,NA,NA,NA,NA,NA,NA,NA,NA,NA,NA,NA,NA,NA,NA,NA,NA,NA,NA,NA,NA,NA,13
Albania,NA,NA,NA,NA,NA,NA,NA,NA,NA,NA,NA,NA,NA,NA,NA,NA,NA,NA,NA,NA,NA,NA,NA,NA,NA,NA,98.2522739777769,NA,NA,NA,NA,NA,NA,94.6818142536036,NA,NA,95.6914799552
Algeria,NA,NA,NA,NA,NA,NA,NA,NA,NA,NA,NA,NA,35.8399150765954,NA,NA,NA,NA,NA,NA,NA,NA,NA,NA,NA,NA,NA,NA,60.0750821210699,NA,NA,NA,63.9187851604192,NA,NA,NA,NA,NA
Andorra,NA,NA,NA,NA,NA,NA,NA,NA,NA,NA,NA,NA,NA,NA,NA,NA,NA,NA,NA,NA,NA,NA,NA,NA,NA,NA,NA,NA,NA,NA,NA,NA,NA,NA,NA,NA,NA
Angola,NA,NA,NA,NA,NA,NA,NA,NA,NA,NA,NA,NA,NA,NA,NA,NA,NA,NA,NA,NA,NA,NA,NA,NA,NA,NA,54.1944882845696,NA,NA,NA,NA,NA,NA,NA,NA,NA,58.60846
Anguilla,NA,NA,NA,NA,NA,NA,NA,NA,NA,95.7149300857014,NA,NA,NA,NA,NA,NA,NA,NA,NA,NA,NA,NA,NA,NA,NA,NA,NA,NA,NA,NA,NA,NA,NA,NA,NA,NA,NA
Antigua and Barbuda,NA,NA,NA,NA,NA,NA,NA,NA,NA,NA,NA,NA,NA,NA,NA,NA,NA,NA,NA,NA,NA,NA,NA,NA,NA,NA,99.42,NA,NA,NA,NA,NA,NA,NA,NA,NA,99.42
Argentina,NA,NA,NA,NA,NA,93.5808944919856,NA,NA,NA,NA,NA,NA,NA,NA,NA,NA,96.0413584906962,NA,NA,NA,NA,NA,NA,NA,NA,NA,97.1934107782587,NA,NA,NA,NA,NA,NA,NA,NA,NA,97.89042
Armenia,NA,NA,NA,NA,NA,NA,NA,NA,NA,NA,NA,NA,NA,NA,98.1501361103865,NA,NA,NA,NA,NA,NA,NA,NA,NA,NA,NA,99.1610655332609,NA,NA,NA,NA,NA,NA,NA,NA,NA,99.45376
Aruba,NA,NA,NA,NA,NA,NA,NA,NA,NA,NA,NA,NA,NA,NA,NA,NA,NA,NA,NA,NA,NA,NA,NA,NA,NA,97.0713598240066,NA,NA,NA,NA,NA,NA,NA,NA,NA,96.7197772630495,NA
Australia,NA,NA,NA,NA,NA,NA,NA,NA,NA,NA,NA,NA,NA,NA,NA,NA,NA,NA,NA,NA,NA,NA,NA,NA,NA,NA,NA,NA,NA,NA,NA,NA,NA,NA,NA,NA,NA
Austria,NA,NA,NA,NA,NA,NA,NA,NA,NA,NA,NA,NA,NA,NA,NA,NA,NA,NA,NA,NA,NA,NA,NA,NA,NA,NA,NA,NA,NA,NA,NA,NA,NA,NA,NA,NA,NA
Azerbaijan,NA,NA,NA,NA,NA,NA,NA,NA,NA,NA,NA,NA,NA,NA,NA,NA,NA,NA,NA,NA,NA,NA,NA,NA,98.174784596448,NA,NA,NA,NA,NA,NA,NA,99.3978758397681,NA,99.6821522831115,NA,NA
Bahamas,NA,NA,NA,NA,NA,NA,NA,NA,NA,NA,NA,NA,NA,NA,NA,NA,NA,NA,NA,NA,NA,NA,NA,NA,NA,NA,NA,NA,NA,NA,NA,NA,NA,NA,NA,NA,NA
Bahrain,NA,NA,NA,NA,NA,NA,58.5910923877537,NA,NA,NA,NA,NA,NA,NA,NA,NA,76.932318782539,NA,NA,NA,NA,NA,NA,NA,NA,NA,83.5574176145113,NA,NA,NA,NA,NA,NA,NA,NA,91.6125760649087,NA
Bangladesh,NA,NA,NA,NA,NA,NA,17.9716294005283,NA,NA,NA,NA,NA,NA,NA,NA,NA,25.8389798798108,NA,NA,NA,NA,NA,NA,NA,NA,NA,40.8233499617312,NA,NA,NA,NA,NA,NA,NA,NA,NA,53.4105
Barbados,NA,NA,NA,NA,NA,NA,NA,NA,NA,NA,NA,NA,NA,NA,NA,NA,NA,NA,NA,NA,NA,NA,NA,NA,NA,NA,NA,NA,NA,NA,NA,NA,NA,NA,NA,NA,NA
Belarus,NA,NA,NA,NA,NA,NA,NA,NA,NA,NA,NA,NA,NA,NA,96.6282207366457,NA,NA,NA,NA,NA,NA,NA,NA,NA,99.4197193788276,NA,NA,NA,NA,NA,NA,NA,NA,NA,99.4939927389218,NA,NA
Belgium,NA,NA,NA,NA,NA,NA,NA,NA,NA,NA,NA,NA,NA,NA,NA,NA,NA,NA,NA,NA,NA,NA,NA,NA,NA,NA,NA,NA,NA,NA,NA,NA,NA,NA,NA,NA,NA
Belize,NA,NA,NA,NA,NA,NA,NA,NA,NA,NA,NA,NA,NA,NA,NA,NA,70.3283939978644,NA,NA,NA,NA,NA,NA,NA,NA,NA,NA,NA,NA,NA,NA,NA,NA,NA,NA,NA,NA
Benin,NA,NA,NA,NA,9.53907998333526,NA,NA,NA,NA,NA,NA,NA,NA,NA,NA,NA,NA,16.5652394726964,NA,NA,NA,NA,NA,NA,NA,NA,NA,23.3001376372241,NA,NA,NA,18.4429141300239,NA,NA,NA,NA,NA
Bermuda,NA,NA,NA,NA,NA,NA,NA,NA,NA,NA,NA,NA,NA,NA,NA,NA,NA,NA,NA,NA,NA,NA,NA,NA,NA,NA,NA,NA,NA,NA,NA,NA,NA,NA,NA,NA,NA
Bhutan,NA,NA,NA,NA,NA,NA,NA,NA,NA,NA,NA,NA,NA,NA,NA,NA,NA,NA,NA,NA,NA,NA,NA,NA,NA,NA,NA,NA,NA,NA,38.6806566289195,NA,NA,NA,NA,NA,NA
Bolivia,NA,51.3746452487902,NA,NA,NA,NA,NA,NA,NA,NA,NA,NA,NA,NA,NA,NA,NA,72.313217050162,NA,NA,NA,NA,NA,NA,NA,NA,80.6543829222586,NA,NA,NA,NA,NA,85.9859392890179,86.8317538591247,86.8214571657326,NA,NA
Bosnia and Herzegovina,NA,NA,NA,NA,NA,NA,NA,NA,NA,NA,NA,NA,NA,NA,NA,NA,NA,NA,NA,NA,NA,NA,NA,NA,NA,94.3599446910705,NA,NA,NA,NA,NA,NA,NA,NA,NA,NA,96.69526
Botswana,NA,NA,NA,NA,NA,NA,NA,NA,NA,NA,NA,NA,NA,NA,NA,NA,71.2992359222859,NA,NA,NA,NA,NA,NA,NA,NA,NA,NA,NA,81.8079484097457,NA,NA,NA,NA,NA,NA,NA,85.56156
Brazil,NA,NA,NA,NA,NA,72.8531478096684,NA,NA,NA,NA,NA,NA,NA,NA,NA,NA,NA,NA,NA,NA,NA,NA,NA,NA,NA,86.5000478085114,NA,NA,NA,88.8061266471471,NA,89.855592002389,90.2280073145367,90.2195549675079,90.41121724764,90.6816951923911,NA
British Virgin Islands,NA,NA,NA,NA,NA,NA,NA,NA,NA,NA,NA,NA,NA,NA,NA,NA,NA,NA,NA,NA,NA,NA,NA,NA,NA,NA,NA,NA,NA,NA,NA,NA,NA,NA,NA,NA,NA
Brunei,NA,NA,NA,NA,NA,NA,68.9825841024114,NA,NA,NA,NA,NA,NA,NA,NA,NA,82.4613562781088,NA,NA,NA,NA,NA,NA,NA,NA,NA,90.1615450018219,NA,NA,NA,NA,NA,NA,NA,NA,NA,93.92081
Bulgaria,NA,NA,NA,NA,NA,NA,NA,NA,NA,NA,NA,NA,NA,NA,NA,NA,NA,NA,NA,NA,NA,NA,NA,NA,NA,NA,97.7064858717381,NA,NA,NA,NA,NA,NA,NA,NA,NA,97.9838974472264
Burkina Faso,3.18276569531967,NA,NA,NA,NA,NA,NA,NA,NA,NA,NA,NA,NA,NA,NA,NA,8.22542742681241,NA,NA,NA,NA,8.05798027171092,NA,NA,NA,NA,NA,NA,15.188767712988,NA,16.6222416379275,NA,21.5795652948935,NA,NA,NA,NA
Burundi,NA,NA,NA,NA,11.9835678814776,NA,NA,NA,NA,NA,NA,NA,NA,NA,NA,27.529298381665,NA,NA,NA,NA,NA,NA,NA,NA,NA,52.2377622377622,NA,NA,NA,NA,NA,NA,NA,84.5914684940055,NA,NA,NA
Cambodia,NA,NA,NA,NA,NA,NA,NA,NA,NA,NA,NA,NA,NA,NA,NA,NA,NA,NA,NA,NA,NA,NA,NA,56.9925042589438,NA,NA,NA,NA,NA,64.0509902069577,NA,NA,NA,70.8581985278722,65.931247955407,NA,NA
Cameroon,NA,29.1161285248785,NA,NA,NA,NA,NA,NA,NA,NA,NA,NA,NA,NA,NA,NA,NA,NA,NA,NA,NA,NA,NA,NA,NA,58.7217615098656,NA,NA,NA,NA,NA,NA,63.0220576341953,NA,NA,64.7994983958427,NA
Canada,NA,NA,NA,NA,NA,NA,NA,NA,NA,NA,NA,NA,NA,NA,NA,NA,NA,NA,NA,NA,NA,NA,NA,NA,NA,NA,NA,NA,NA,NA,NA,NA,NA,NA,NA,NA,NA
Cape Verde,NA,NA,NA,NA,NA,NA,NA,NA,NA,NA,NA,NA,NA,NA,NA,52.9986160977829,NA,NA,NA,NA,NA,NA,NA,NA,NA,NA,NA,NA,NA,74.06926,NA,NA,NA,NA,NA,NA,80.25824
Cayman Islands,NA,NA,NA,NA,NA,NA,NA,NA,NA,NA,NA,NA,NA,NA,NA,NA,NA,NA,NA,NA,NA,NA,NA,NA,NA,NA,NA,NA,NA,NA,NA,NA,99.021477318346,NA,NA,NA,NA
Central African Rep.,8.39957585419262,NA,NA,NA,NA,NA,NA,NA,NA,NA,NA,NA,NA,20.336880239199,NA,NA,NA,NA,NA,NA,NA,NA,NA,NA,NA,35.2909041245561,NA,NA,NA,NA,NA,NA,NA,NA,NA,NA,44.17747
Chad,NA,NA,NA,NA,NA,NA,NA,NA,NA,NA,NA,NA,NA,NA,NA,NA,NA,NA,4.59182615547308,NA,NA,NA,NA,NA,NA,12.7964193738172,NA,NA,NA,17.9805825242718,NA,NA,NA,NA,NA,NA,25.39826
Chile,NA,NA,NA,NA,NA,NA,NA,90.800120516833,NA,NA,NA,NA,NA,NA,NA,NA,NA,94.0367135558045,NA,NA,NA,NA,NA,NA,NA,NA,NA,95.6409266938754,NA,NA,NA,NA,NA,98.6955727595277,98.491276708112,NA,NA
China,NA,NA,NA,NA,NA,NA,NA,51.1368083841293,NA,NA,NA,NA,NA,NA,NA,68.0720774247825,NA,NA,NA,NA,NA,NA,NA,NA,NA,86.5265951032606,NA,NA,NA,NA,NA,NA,NA,NA,NA,92.7112347546601,NA
Colombia,NA,NA,NA,NA,NA,NA,NA,NA,NA,NA,NA,NA,NA,NA,NA,NA,NA,NA,81.2354817848529,NA,NA,91.3140001085853,NA,NA,NA,NA,NA,NA,NA,92.7146274553549,92.911247665378,92.2205958944221,92.8456239775655,93.4353732595696,93.4151302855951,93.4867888459609,93.6671378327439
Comoros,NA,NA,NA,NA,NA,40.3176159423594,NA,NA,NA,NA,NA,NA,NA,NA,NA,NA,NA,NA,NA,NA,NA,NA,NA,NA,NA,63.4590163934426,NA,NA,NA,NA,NA,NA,NA,NA,NA,NA,70.57002
"Congo, Dem. Rep.",NA,NA,NA,NA,NA,NA,NA,NA,NA,NA,NA,NA,NA,NA,NA,NA,NA,NA,NA,NA,NA,NA,NA,NA,NA,NA,54.0608958582378,NA,NA,NA,NA,NA,46.1042544365412,NA,NA,NA,NA
"Congo, Rep.",NA,NA,NA,NA,NA,NA,NA,NA,NA,NA,NA,NA,NA,NA,NA,NA,NA,NA,NA,NA,NA,NA,NA,NA,NA,NA,NA,NA,NA,NA,NA,NA,NA,NA,NA,NA,NA
Cook Islands,NA,NA,NA,NA,NA,NA,NA,NA,NA,NA,NA,NA,NA,NA,NA,NA,NA,NA,NA,NA,NA,NA,NA,NA,NA,NA,NA,NA,NA,NA,NA,NA,NA,NA,NA,NA,NA
Costa Rica,NA,NA,NA,NA,NA,NA,NA,NA,NA,92.5771293243078,NA,NA,NA,NA,NA,NA,NA,NA,NA,NA,NA,NA,NA,NA,NA,95.0807910400585,NA,NA,NA,NA,NA,NA,NA,NA,NA,NA,96.47886
Cote d'Ivoire,NA,NA,NA,NA,NA,NA,NA,NA,NA,NA,NA,NA,NA,23.4337822886898,NA,NA,NA,NA,NA,NA,NA,NA,NA,28.4766706568249,NA,38.6145133675754,NA,NA,NA,NA,NA,NA,NA,NA,NA,NA,47.58359
Croatia,NA,NA,NA,NA,NA,NA,NA,NA,NA,NA,NA,NA,NA,NA,NA,NA,94.817221960095,NA,NA,NA,NA,NA,NA,NA,NA,NA,97.0838976517409,NA,NA,NA,NA,NA,NA,NA,NA,NA,98.31105
Cuba,NA,NA,NA,NA,NA,NA,NA,NA,NA,NA,NA,NA,NA,NA,NA,NA,NA,NA,NA,NA,NA,NA,NA,NA,NA,NA,NA,99.7909221600559,NA,NA,NA,NA,NA,NA,NA,NA,99.82679
Cyprus,NA,NA,NA,NA,NA,NA,NA,NA,NA,NA,NA,NA,NA,NA,NA,NA,NA,91.0017808653948,NA,NA,NA,NA,NA,NA,NA,NA,95.0796648048727,NA,NA,NA,NA,NA,NA,NA,NA,NA,98.116229344559
Czech Rep.,NA,NA,NA,NA,NA,NA,NA,NA,NA,NA,NA,NA,NA,NA,NA,NA,NA,NA,NA,NA,NA,NA,NA,NA,NA,NA,NA,NA,NA,NA,NA,NA,NA,NA,NA,NA,NA
Denmark,NA,NA,NA,NA,NA,NA,NA,NA,NA,NA,NA,NA,NA,NA,NA,NA,NA,NA,NA,NA,NA,NA,NA,NA,NA,NA,NA,NA,NA,NA,NA,NA,NA,NA,NA,NA,NA
Djibouti,NA,NA,NA,NA,NA,NA,NA,NA,NA,NA,NA,NA,NA,NA,NA,NA,NA,NA,NA,NA,NA,NA,NA,NA,NA,NA,NA,NA,NA,NA,NA,NA,NA,NA,NA,NA,NA
Dominica,NA,NA,NA,NA,NA,NA,NA,NA,NA,NA,NA,NA,NA,NA,NA,NA,NA,NA,NA,NA,NA,NA,NA,NA,NA,NA,NA,NA,NA,NA,NA,NA,NA,NA,NA,NA,NA
Dominican Rep.,NA,NA,NA,NA,NA,NA,72.5360846761177,NA,NA,NA,NA,NA,NA,NA,NA,NA,NA,NA,NA,NA,NA,NA,NA,NA,NA,NA,NA,87.1770931246018,NA,NA,NA,NA,88.2771710383024,NA,NA,89.697296943051,90.2255199031432
Ecuador,NA,NA,NA,NA,NA,NA,NA,80.4052269910437,NA,NA,NA,NA,NA,NA,NA,86.1933332935725,NA,NA,NA,NA,NA,NA,NA,NA,NA,NA,89.6970869415688,NA,NA,NA,NA,NA,81.6805872987492,NA,81.4511951600467,90.4701063939031,90.2208247612569
Egypt,NA,22.4380082097267,NA,NA,NA,NA,NA,NA,NA,NA,NA,31.4041908024757,NA,NA,NA,NA,NA,NA,NA,NA,NA,43.5953059268258,NA,NA,NA,NA,NA,NA,NA,NA,59.3555764191826,57.8119143391218,NA,NA,NA,63.5158130144409,64.6362345720184
El Salvador,NA,NA,NA,NA,NA,NA,NA,NA,NA,NA,NA,NA,NA,NA,NA,NA,NA,71.2805324491241,NA,NA,NA,NA,NA,NA,NA,NA,NA,NA,NA,78.35865,NA,81.0038246223495,79.6621282105792,81.3595021754258,81.8179458846962,82.3080231431792,NA
Equatorial Guinea,NA,NA,NA,NA,NA,NA,NA,NA,NA,NA,NA,NA,NA,NA,NA,NA,NA,NA,NA,NA,NA,NA,NA,NA,NA,81.6229985443959,NA,NA,NA,NA,NA,NA,NA,NA,NA,NA,91.07868
Eritrea,NA,NA,NA,NA,NA,NA,NA,NA,NA,NA,NA,NA,NA,NA,NA,NA,NA,NA,NA,NA,NA,NA,NA,NA,NA,NA,NA,40.2244227353464,NA,NA,NA,NA,NA,NA,NA,NA,59.03992
Estonia,NA,NA,NA,NA,NA,NA,NA,NA,NA,NA,NA,NA,NA,NA,99.6014830502083,NA,NA,NA,NA,NA,NA,NA,NA,NA,NA,99.7600609305853,NA,NA,NA,NA,NA,NA,NA,NA,NA,NA,99.81971
Ethiopia,NA,NA,NA,NA,NA,NA,NA,NA,NA,NA,NA,NA,NA,NA,NA,NA,NA,NA,NA,18.5149809597309,NA,NA,NA,NA,NA,NA,NA,NA,NA,22.8,17.9771972322585,NA,28.9216362018955,NA,NA,NA,NA
Fiji,NA,NA,NA,NA,NA,NA,NA,NA,NA,NA,NA,NA,NA,NA,NA,NA,NA,NA,NA,NA,NA,NA,NA,NA,NA,NA,NA,NA,NA,NA,NA,NA,NA,NA,NA,NA,NA
Finland,NA,NA,NA,NA,NA,NA,NA,NA,NA,NA,NA,NA,NA,NA,NA,NA,NA,NA,NA,NA,NA,NA,NA,NA,NA,NA,NA,NA,NA,NA,NA,NA,NA,NA,NA,NA,NA
France,NA,NA,NA,NA,NA,NA,NA,NA,NA,NA,NA,NA,NA,NA,NA,NA,NA,NA,NA,NA,NA,NA,NA,NA,NA,NA,NA,NA,NA,NA,NA,NA,NA,NA,NA,NA,NA
Gabon,NA,NA,NA,NA,NA,NA,NA,NA,NA,NA,NA,NA,NA,NA,NA,NA,NA,NA,65.3263103802672,NA,NA,NA,NA,NA,NA,NA,NA,NA,NA,79.30927,NA,NA,NA,NA,NA,NA,85.63833
Gambia,NA,NA,NA,NA,NA,NA,NA,NA,NA,NA,NA,NA,NA,NA,NA,NA,NA,NA,NA,NA,NA,NA,NA,NA,NA,25.0615460364353,NA,NA,NA,NA,NA,NA,NA,NA,NA,NA,41.88712
Georgia,NA,NA,NA,NA,NA,NA,NA,NA,NA,NA,NA,NA,NA,NA,NA,NA,NA,NA,NA,NA,NA,NA,NA,NA,NA,NA,NA,99.5528537975224,NA,NA,NA,NA,NA,NA,NA,NA,99.68613
Germany,NA,NA,NA,NA,NA,NA,NA,NA,NA,NA,NA,NA,NA,NA,NA,NA,NA,NA,NA,NA,NA,NA,NA,NA,NA,NA,NA,NA,NA,NA,NA,NA,NA,NA,NA,NA,NA
Ghana,NA,NA,NA,NA,NA,NA,NA,NA,NA,NA,NA,NA,NA,NA,NA,NA,NA,NA,NA,NA,NA,NA,NA,NA,NA,49.7919623692566,NA,NA,NA,NA,NA,NA,NA,NA,NA,65.2946862420959,NA
Gibraltar,NA,NA,NA,NA,NA,NA,NA,NA,NA,NA,NA,NA,NA,NA,NA,NA,NA,NA,NA,NA,NA,NA,NA,NA,NA,NA,NA,NA,NA,NA,NA,NA,NA,NA,NA,NA,NA
Greece,NA,NA,NA,NA,NA,NA,85.3199873194528,NA,NA,NA,NA,NA,NA,NA,NA,NA,89.3532957314904,NA,NA,NA,NA,NA,NA,NA,NA,NA,94.2394115200321,NA,NA,NA,NA,NA,NA,NA,NA,NA,96.27898
Grenada,NA,NA,NA,NA,NA,NA,NA,NA,NA,NA,NA,NA,NA,NA,NA,NA,NA,NA,NA,NA,NA,NA,NA,NA,NA,NA,NA,NA,NA,NA,NA,NA,NA,NA,NA,NA,NA
Guatemala,NA,NA,NA,NA,NA,NA,NA,NA,NA,NA,NA,NA,NA,NA,NA,NA,NA,NA,NA,57.2926610904738,NA,NA,NA,NA,NA,NA,NA,63.3413810180763,NA,NA,NA,NA,NA,NA,NA,NA,71.08082
Guinea,NA,NA,NA,NA,NA,NA,NA,NA,NA,NA,NA,NA,NA,NA,NA,NA,NA,NA,NA,NA,NA,9.74306950066266,NA,NA,NA,NA,NA,NA,18.238683127572,NA,NA,NA,NA,NA,NA,12.1919704587339,NA
Guinea-Bissau,NA,NA,NA,NA,8.58826224717838,NA,NA,NA,NA,NA,NA,NA,NA,NA,NA,NA,NA,NA,NA,NA,NA,NA,NA,NA,NA,27.4942123249917,NA,NA,NA,NA,NA,NA,NA,NA,NA,NA,42.06704
Guyana,NA,NA,NA,NA,NA,NA,NA,NA,NA,NA,NA,NA,NA,NA,NA,NA,NA,NA,NA,NA,NA,NA,NA,NA,NA,NA,NA,NA,NA,NA,NA,NA,NA,NA,87.2519769014671,NA,NA
Haiti,NA,NA,NA,NA,NA,NA,NA,32.5249563900814,NA,NA,NA,NA,NA,NA,NA,NA,NA,NA,NA,NA,NA,NA,NA,NA,NA,NA,NA,NA,54.8614676339783,NA,NA,44.5994542866971,NA,NA,NA,NA,NA
Holy See,NA,NA,NA,NA,NA,NA,NA,NA,NA,NA,NA,NA,NA,NA,NA,NA,NA,NA,NA,NA,NA,NA,NA,NA,NA,NA,NA,NA,NA,NA,NA,NA,NA,NA,NA,NA,NA
Honduras,NA,NA,NA,NA,NA,NA,NA,NA,NA,NA,NA,NA,NA,NA,NA,NA,NA,NA,NA,NA,NA,NA,NA,NA,NA,NA,80.2236016770126,NA,NA,NA,NA,NA,83.4527736517551,NA,NA,84.7250337473861,84.9303497260216
"Hong Kong, China",NA,NA,NA,NA,NA,NA,NA,NA,NA,NA,NA,NA,NA,NA,NA,NA,NA,NA,NA,NA,NA,NA,NA,NA,NA,NA,NA,NA,NA,NA,NA,NA,NA,NA,NA,NA,NA
Hungary,NA,NA,NA,NA,NA,98.454129592132,NA,NA,NA,NA,NA,NA,NA,NA,NA,NA,NA,NA,NA,98.7131,NA,NA,NA,NA,NA,NA,NA,NA,NA,98.85411,NA,NA,NA,NA,NA,NA,98.9387
Iceland,NA,NA,NA,NA,NA,NA,NA,NA,NA,NA,NA,NA,NA,NA,NA,NA,NA,NA,NA,NA,NA,NA,NA,NA,NA,NA,NA,NA,NA,NA,NA,NA,NA,NA,NA,NA,NA
India,NA,NA,NA,NA,NA,NA,25.676252036446,NA,NA,NA,NA,NA,NA,NA,NA,NA,33.7295267624506,NA,NA,NA,NA,NA,NA,NA,NA,NA,47.8420986403667,NA,NA,NA,NA,50.8237564698658,NA,NA,NA,NA,NA
Indonesia,NA,NA,NA,NA,NA,57.694627768266,NA,NA,NA,NA,NA,NA,NA,NA,NA,75.2701186944656,NA,NA,NA,NA,NA,NA,NA,NA,NA,NA,NA,NA,NA,86.7995890698538,NA,88.7869838386071,NA,89.1013908702289,89.6771167387037,NA,90.068697197349593
Iran,NA,24.4230830266728,NA,NA,NA,NA,NA,NA,NA,NA,NA,41.0339498365534,NA,NA,NA,NA,56.1564167008308,NA,NA,NA,NA,66.0677639548348,NA,NA,NA,NA,NA,70.4,NA,NA,76.8026379522878,77.2400181952893,NA,80.6553220629719,NA,NA,NA
Iraq,NA,NA,NA,NA,NA,NA,NA,NA,NA,NA,NA,NA,NA,NA,NA,NA,NA,NA,NA,NA,NA,NA,NA,NA,NA,64.1695015530247,NA,NA,NA,NA,NA,NA,NA,NA,NA,NA,71.20716
Ireland,NA,NA,NA,NA,NA,NA,NA,NA,NA,NA,NA,NA,NA,NA,NA,NA,NA,NA,NA,NA,NA,NA,NA,NA,NA,NA,NA,NA,NA,NA,NA,NA,NA,NA,NA,NA,NA
Israel,NA,NA,NA,NA,NA,NA,NA,NA,88.6747170300862,NA,NA,NA,NA,NA,NA,NA,NA,NA,NA,NA,NA,NA,NA,NA,NA,NA,NA,NA,NA,NA,NA,NA,NA,NA,NA,NA,NA
Italy,NA,NA,NA,NA,NA,NA,95.5366691085642,NA,NA,NA,NA,NA,NA,NA,NA,NA,NA,NA,NA,NA,NA,NA,NA,NA,NA,NA,98.0421528669028,NA,NA,NA,NA,NA,NA,NA,NA,NA,98.74161
Jamaica,NA,NA,NA,NA,NA,NA,NA,NA,NA,NA,NA,NA,NA,NA,NA,NA,NA,NA,NA,NA,NA,NA,NA,NA,85.8720822372328,NA,NA,NA,NA,NA,NA,NA,NA,NA,NA,NA,91.76553
Japan,NA,NA,NA,NA,NA,NA,NA,NA,NA,NA,NA,NA,NA,NA,NA,NA,NA,NA,NA,NA,NA,NA,NA,NA,NA,NA,NA,NA,NA,NA,NA,NA,NA,NA,NA,NA,NA
Jordan,NA,NA,NA,NA,52.1106130942853,NA,NA,NA,NA,NA,NA,NA,NA,NA,NA,NA,NA,NA,NA,NA,NA,NA,NA,NA,NA,NA,NA,NA,84.7139248317488,NA,87.0058089467174,NA,88.9033122566057,NA,NA,89.2077440615131,93.9334566634725
Kazakhstan,NA,NA,NA,NA,NA,NA,NA,NA,NA,NA,NA,NA,NA,NA,96.1387710093713,NA,NA,NA,NA,NA,NA,NA,NA,NA,99.2898953780488,NA,NA,NA,NA,NA,NA,NA,NA,NA,99.6842904471807,NA,NA
Kenya,NA,NA,NA,NA,NA,NA,NA,NA,NA,NA,NA,NA,NA,NA,NA,NA,NA,NA,NA,NA,NA,NA,NA,NA,NA,77.8929795272823,NA,NA,NA,NA,NA,NA,66.8631175019354,NA,NA,NA,NA
Kiribati,NA,NA,NA,NA,NA,NA,NA,NA,NA,NA,NA,NA,NA,NA,NA,NA,NA,NA,NA,NA,NA,NA,NA,NA,NA,NA,NA,NA,NA,NA,NA,NA,NA,NA,NA,NA,NA
"Korea, Dem. Rep.",NA,NA,NA,NA,NA,NA,NA,NA,NA,NA,NA,NA,NA,NA,NA,NA,NA,NA,NA,NA,NA,NA,NA,NA,NA,NA,NA,NA,NA,NA,NA,NA,NA,99.9976152595066,NA,NA,NA
"Korea, Rep.",NA,NA,NA,NA,NA,NA,NA,NA,NA,NA,NA,NA,NA,NA,NA,NA,NA,NA,NA,NA,NA,NA,NA,NA,NA,NA,NA,NA,NA,NA,NA,NA,NA,NA,NA,NA,NA
Kuwait,48.015214059772,NA,NA,NA,NA,59.110501880414,NA,NA,NA,NA,68.8493664305826,NA,NA,NA,NA,NA,NA,NA,NA,NA,74.1487169707766,NA,NA,NA,NA,NA,NA,NA,NA,NA,91.0425000810452,90.8286339090251,91.5034948824743,91.7930211236185,NA,NA,NA
Kyrgyzstan,NA,NA,NA,NA,NA,NA,NA,NA,NA,NA,NA,NA,NA,NA,NA,NA,NA,NA,NA,NA,NA,NA,NA,NA,98.1306271888534,NA,NA,NA,NA,NA,NA,NA,NA,NA,98.9812133873561,NA,NA
Laos,NA,NA,NA,NA,NA,NA,NA,NA,NA,NA,NA,NA,NA,NA,NA,NA,NA,NA,NA,NA,47.9023617751578,NA,NA,NA,NA,58.4606986899563,60.9025202342568,NA,NA,NA,63.2269856999142,NA,NA,NA,NA,NA,NA
Latvia,NA,NA,NA,NA,NA,NA,NA,NA,NA,NA,NA,NA,NA,NA,99.2025507220102,NA,NA,NA,NA,NA,NA,NA,NA,NA,NA,99.7097311734486,NA,NA,NA,NA,NA,NA,NA,NA,NA,NA,99.79728
Lebanon,NA,NA,NA,NA,NA,NA,NA,NA,NA,NA,NA,NA,NA,NA,NA,NA,NA,NA,NA,NA,NA,NA,NA,NA,NA,NA,NA,NA,NA,NA,NA,NA,85.9677815663135,NA,NA,NA,NA
Lesotho,NA,NA,NA,NA,NA,NA,NA,NA,NA,NA,NA,NA,NA,NA,NA,NA,NA,NA,NA,NA,NA,NA,NA,NA,NA,92.0464526202791,NA,NA,NA,NA,NA,NA,NA,NA,84.9639594854906,NA,NA
Liberia,NA,NA,NA,NA,NA,NA,NA,NA,NA,19.3027913485792,NA,NA,NA,NA,NA,NA,NA,NA,NA,32.01852,NA,NA,NA,NA,NA,NA,NA,NA,NA,47.87633,NA,NA,27.0349066590424,NA,NA,NA,NA
Libya,NA,NA,NA,NA,NA,NA,NA,NA,NA,42.3135535998274,NA,NA,NA,NA,NA,NA,NA,NA,NA,64.95931,NA,NA,NA,NA,NA,NA,NA,NA,NA,78.19782,NA,NA,NA,NA,NA,NA,83.32303
Liechtenstein,NA,NA,NA,NA,NA,NA,NA,NA,NA,NA,NA,NA,NA,NA,NA,NA,NA,NA,NA,NA,NA,NA,NA,NA,NA,NA,NA,NA,NA,NA,NA,NA,NA,NA,NA,NA,NA
Lithuania,NA,NA,NA,NA,NA,NA,NA,NA,NA,NA,NA,NA,NA,NA,97.7815880717133,NA,NA,NA,NA,NA,NA,NA,NA,NA,NA,NA,99.6479433015227,NA,NA,NA,NA,NA,NA,NA,NA,NA,99.72063
Luxembourg,NA,NA,NA,NA,NA,NA,NA,NA,NA,NA,NA,NA,NA,NA,NA,NA,NA,NA,NA,NA,NA,NA,NA,NA,NA,NA,NA,NA,NA,NA,NA,NA,NA,NA,NA,NA,NA
"Macao, China",NA,NA,NA,NA,NA,NA,86.2158843676626,NA,NA,NA,NA,NA,NA,NA,NA,NA,NA,NA,NA,NA,NA,NA,NA,NA,NA,NA,87.7749719571428,NA,NA,NA,NA,90.7235891329837,NA,NA,NA,NA,93.7319061702893
"Macedonia, FYR",NA,NA,NA,NA,NA,NA,NA,NA,NA,NA,NA,NA,NA,NA,NA,NA,NA,NA,NA,90.9280239461651,NA,NA,NA,NA,NA,NA,NA,94.056067800595,NA,NA,NA,NA,NA,NA,NA,NA,96.04252
Madagascar,NA,NA,NA,NA,NA,NA,NA,NA,NA,NA,NA,NA,NA,NA,NA,NA,NA,NA,NA,NA,NA,NA,NA,NA,NA,65.2785722457385,NA,NA,NA,NA,NA,NA,NA,NA,61.6414061443533,NA,NA
Malawi,NA,NA,NA,NA,NA,NA,NA,NA,NA,NA,NA,NA,33.5230223051309,NA,NA,NA,NA,NA,NA,NA,NA,NA,NA,53.997115596038,NA,NA,NA,NA,NA,NA,NA,NA,NA,NA,NA,51.2519654609495,NA
Malaysia,NA,NA,NA,NA,NA,61.2484956656288,NA,NA,NA,NA,NA,NA,NA,NA,NA,NA,77.2830875053545,NA,NA,NA,NA,NA,NA,NA,NA,85.3542236657321,NA,NA,NA,NA,NA,NA,NA,NA,NA,90.7476817859747,NA
Maldives,NA,NA,82.1781629883975,NA,NA,NA,NA,NA,NA,NA,92.359012004490907,NA,NA,NA,NA,96.1460111215108,NA,NA,NA,NA,96.4429805207086,NA,NA,NA,NA,96.4429805207086,NA,NA,NA,NA,NA,98.4298471595711,NA,NA,NA,NA,NA
Mali,NA,5.73528116870122,NA,NA,NA,NA,NA,NA,NA,NA,NA,NA,NA,NA,NA,NA,NA,NA,NA,NA,NA,NA,NA,11.8934284268737,NA,NA,NA,NA,15.9,NA,NA,18.1909125312057,NA,NA,NA,20.287931808874198,24.5674143344402
Malta,NA,NA,NA,NA,NA,NA,NA,NA,NA,NA,88.2927464513609,NA,NA,NA,NA,NA,NA,NA,NA,NA,89.2426444723201,NA,NA,NA,NA,NA,NA,NA,NA,NA,93.5042514210551,NA,NA,NA,NA,NA,NA
Marshall Islands,NA,NA,NA,NA,NA,NA,NA,NA,NA,NA,NA,NA,NA,NA,NA,NA,NA,NA,NA,NA,NA,NA,NA,NA,NA,NA,NA,NA,NA,NA,NA,NA,NA,NA,NA,NA,NA
Mauritania,NA,NA,NA,NA,NA,NA,NA,NA,NA,NA,NA,NA,NA,NA,NA,NA,NA,NA,NA,NA,NA,NA,NA,NA,NA,43.4173588599364,NA,NA,NA,NA,NA,NA,NA,NA,NA,NA,51.97767
Mauritius,NA,NA,NA,NA,NA,NA,NA,NA,NA,NA,NA,NA,NA,NA,NA,74.6608867016178,NA,NA,NA,NA,NA,NA,NA,NA,NA,80.5000291522961,NA,NA,NA,NA,NA,NA,NA,NA,NA,NA,86.66407
Mexico,NA,NA,NA,NA,NA,79.8909989397727,NA,NA,NA,NA,NA,NA,NA,NA,NA,84.9559065231632,NA,NA,NA,NA,NA,NA,NA,NA,NA,88.6820398106524,NA,88.728630232429,NA,89.631020189309,90.2104128500907,89.8345108572933,91.3555512618148,91.4536079946457,92.1162455728998,91.8534217512469,92.3382818282032
"Micronesia, Fed. Sts.",NA,NA,NA,NA,NA,NA,NA,NA,NA,NA,NA,NA,NA,NA,NA,NA,NA,NA,NA,NA,NA,NA,NA,NA,NA,NA,NA,NA,NA,NA,NA,NA,NA,NA,NA,NA,NA
Moldova,NA,NA,NA,NA,NA,NA,NA,NA,NA,NA,NA,NA,NA,NA,94.4444775905685,NA,NA,NA,NA,NA,NA,NA,NA,NA,NA,95.4922983992751,NA,NA,NA,NA,NA,NA,NA,NA,NA,NA,98.48289
Monaco,NA,NA,NA,NA,NA,NA,NA,NA,NA,NA,NA,NA,NA,NA,NA,NA,NA,NA,NA,NA,NA,NA,NA,NA,NA,NA,NA,NA,NA,NA,NA,NA,NA,NA,NA,NA,NA
Mongolia,NA,NA,NA,NA,NA,NA,NA,NA,NA,NA,NA,NA,NA,NA,NA,NA,NA,NA,NA,NA,NA,NA,NA,NA,NA,97.5287998946392,NA,NA,NA,NA,NA,NA,NA,NA,NA,NA,97.87714
Montenegro,NA,NA,NA,NA,NA,NA,NA,NA,NA,NA,NA,NA,NA,NA,NA,NA,NA,NA,NA,NA,NA,NA,NA,NA,NA,NA,NA,NA,NA,NA,NA,NA,NA,NA,NA,NA,97.58914
Montserrat,NA,NA,NA,NA,NA,NA,NA,NA,NA,NA,NA,NA,NA,NA,NA,NA,NA,NA,NA,NA,NA,NA,NA,NA,NA,NA,NA,NA,NA,NA,NA,NA,NA,NA,NA,NA,NA
Morocco,NA,NA,NA,NA,NA,NA,NA,17.514866761904,NA,NA,NA,NA,NA,NA,NA,NA,NA,NA,NA,28.7254187909687,NA,NA,NA,NA,NA,NA,NA,NA,NA,39.619556487924,NA,NA,NA,42.5878481681817,43.9210802495296,NA,57.6399912929909
Mozambique,NA,NA,NA,NA,NA,12.1463152723296,NA,NA,NA,NA,NA,NA,NA,NA,NA,NA,NA,NA,NA,NA,NA,NA,24.9642038882807,NA,NA,NA,NA,NA,33.1939590614079,NA,NA,NA,NA,NA,36.4522823565096,NA,NA
Myanmar,NA,NA,NA,NA,NA,NA,NA,NA,71.6308744453878,NA,NA,NA,NA,NA,NA,NA,NA,NA,NA,NA,NA,NA,NA,NA,NA,86.4151821605382,NA,NA,NA,NA,NA,NA,NA,NA,NA,NA,90.37064
Namibia,NA,NA,NA,NA,NA,NA,NA,NA,NA,NA,NA,NA,NA,NA,NA,NA,73.9865970799779,NA,NA,NA,NA,NA,NA,NA,NA,NA,83.4900882909773,NA,NA,NA,NA,NA,78.3509784822456,NA,NA,NA,NA
Nauru,NA,NA,NA,NA,NA,NA,NA,NA,NA,NA,NA,NA,NA,NA,NA,NA,NA,NA,NA,NA,NA,NA,NA,NA,NA,NA,NA,NA,NA,NA,NA,NA,NA,NA,NA,NA,NA
Nepal,NA,NA,NA,NA,NA,NA,9.15311604283481,NA,NA,NA,NA,NA,NA,NA,NA,NA,17.3817931422168,NA,NA,NA,NA,NA,NA,NA,NA,NA,34.8867638756996,NA,NA,NA,NA,NA,NA,NA,NA,NA,46.7060980909679
Netherlands,NA,NA,NA,NA,NA,NA,NA,NA,NA,NA,NA,NA,NA,NA,NA,NA,NA,NA,NA,NA,NA,NA,NA,NA,NA,NA,NA,NA,NA,NA,NA,NA,NA,NA,NA,NA,NA
Netherlands Antilles,NA,NA,NA,NA,NA,NA,NA,NA,NA,NA,NA,NA,NA,NA,NA,NA,NA,95.0109117361785,NA,NA,NA,NA,NA,NA,NA,NA,NA,NA,NA,NA,NA,NA,NA,NA,NA,NA,96.53381
New Zealand,NA,NA,NA,NA,NA,NA,NA,NA,NA,NA,NA,NA,NA,NA,NA,NA,NA,NA,NA,NA,NA,NA,NA,NA,NA,NA,NA,NA,NA,NA,NA,NA,NA,NA,NA,NA,NA
Nicaragua,NA,NA,NA,NA,NA,NA,NA,NA,NA,NA,NA,NA,NA,NA,NA,NA,NA,NA,NA,NA,NA,NA,NA,NA,NA,NA,76.601656432762,NA,NA,NA,77.9160420150301,NA,NA,NA,NA,NA,NA
Niger,NA,NA,NA,NA,NA,NA,NA,NA,NA,NA,NA,NA,NA,NA,NA,NA,NA,NA,NA,NA,NA,NA,NA,NA,NA,NA,9.39872376795257,NA,NA,NA,15.0841384496017,NA,NA,NA,NA,NA,NA
Nigeria,NA,NA,NA,NA,NA,NA,NA,NA,NA,NA,NA,NA,NA,NA,NA,NA,43.7291970741608,NA,NA,NA,NA,NA,NA,NA,NA,NA,NA,NA,43.3220541401274,NA,NA,NA,NA,41.3867557224659,NA,NA,NA
Niue,NA,NA,NA,NA,NA,NA,NA,NA,NA,NA,NA,NA,NA,NA,NA,NA,NA,NA,NA,NA,NA,NA,NA,NA,NA,NA,NA,NA,NA,NA,NA,NA,NA,NA,NA,NA,NA
Norway,NA,NA,NA,NA,NA,NA,NA,NA,NA,NA,NA,NA,NA,NA,NA,NA,NA,NA,NA,NA,NA,NA,NA,NA,NA,NA,NA,NA,NA,NA,NA,NA,NA,NA,NA,NA,NA
Oman,NA,NA,NA,NA,NA,NA,NA,NA,NA,NA,NA,NA,NA,NA,NA,NA,NA,NA,NA,NA,NA,NA,NA,NA,NA,NA,NA,NA,73.5317142183447,NA,NA,NA,NA,80.8722581563022,NA,81.8032270126714,NA
Pakistan,NA,NA,NA,NA,NA,NA,14.7715523759109,NA,NA,NA,NA,NA,NA,NA,NA,NA,NA,NA,NA,NA,NA,NA,NA,29.0438391097556,NA,NA,NA,NA,NA,NA,35.3675197697038,39.613233609595,NA,40.0811794345433,40.3146191816211,NA,NA
Palau,NA,NA,NA,NA,NA,90.5032375326593,NA,NA,NA,NA,NA,NA,NA,NA,NA,NA,NA,NA,NA,NA,NA,NA,NA,NA,NA,NA,NA,NA,NA,NA,NA,NA,NA,NA,NA,NA,NA
Panama,NA,NA,NA,NA,NA,88.0465280307552,NA,NA,NA,NA,NA,NA,NA,NA,NA,88.2148461527122,NA,NA,NA,NA,NA,NA,NA,NA,NA,91.247178801304,NA,NA,NA,NA,NA,NA,NA,NA,NA,93.4852624925167,NA
Papua New Guinea,NA,NA,NA,NA,NA,NA,NA,NA,NA,NA,NA,NA,NA,NA,NA,NA,NA,NA,NA,NA,NA,NA,NA,NA,NA,50.9177355829862,NA,NA,NA,NA,NA,NA,NA,NA,NA,NA,59.40146
Paraguay,NA,NA,NA,NA,NA,NA,NA,75.8529822355792,NA,NA,NA,NA,NA,NA,NA,NA,NA,88.5587119918145,NA,NA,NA,NA,NA,NA,NA,NA,NA,NA,NA,NA,NA,NA,93.4532695594099,92.4944283740774,93.1440135083059,92.9257446196298,NA
Peru,NA,NA,NA,NA,NA,NA,73.8583370205668,NA,NA,NA,NA,NA,NA,NA,NA,NA,NA,NA,81.6587530500569,NA,NA,NA,NA,NA,NA,NA,NA,NA,NA,82.0626204412733,82.4543671454057,83.4548652895342,84.6468777849732,NA,NA,NA,NA
Philippines,NA,NA,NA,NA,NA,82.7621475490498,NA,NA,NA,NA,NA,NA,NA,NA,NA,93.1807245517549,NA,NA,NA,NA,NA,NA,NA,NA,NA,92.6549065059997,NA,NA,93.5645334286736,NA,NA,NA,NA,95.8256325572255,NA,NA,NA
Poland,NA,NA,NA,98.2519799532424,NA,NA,NA,NA,NA,NA,NA,NA,NA,NA,NA,NA,NA,NA,NA,99.11849,NA,NA,NA,NA,NA,NA,NA,NA,NA,99.42229,NA,NA,NA,NA,NA,NA,99.58486
Portugal,NA,NA,NA,NA,NA,NA,74.6079898529726,NA,NA,NA,NA,NA,NA,NA,NA,NA,84.6582143362115,NA,NA,NA,NA,NA,NA,NA,NA,NA,NA,NA,NA,NA,NA,NA,NA,NA,NA,NA,93.95712
Puerto Rico,NA,NA,NA,NA,NA,85.8503385445606,NA,NA,NA,NA,NA,NA,NA,NA,NA,89.7309612580349,NA,NA,NA,NA,NA,NA,NA,NA,NA,NA,NA,NA,NA,90.95798,NA,NA,NA,NA,NA,NA,90.91396
Qatar,NA,NA,NA,NA,NA,NA,NA,NA,NA,NA,NA,72.4589473684211,NA,NA,NA,NA,NA,NA,NA,NA,NA,NA,80.8886829276987,NA,NA,NA,NA,NA,NA,88.6092194073671,NA,NA,90.4361208921586,92.6638248448357,92.9101781438821,95.4018562532365,NA
Romania,NA,NA,NA,NA,NA,NA,NA,NA,NA,NA,NA,NA,NA,NA,NA,NA,NA,94.9826909921119,NA,NA,NA,NA,NA,NA,NA,NA,NA,96.2663163449829,NA,NA,NA,NA,NA,NA,NA,NA,97.14531
Russia,NA,NA,NA,NA,NA,NA,NA,NA,NA,NA,NA,NA,NA,NA,96.7581701725371,NA,NA,NA,NA,NA,NA,NA,NA,NA,NA,NA,NA,99.228357011131,NA,NA,NA,NA,NA,NA,NA,99.6477760116381,NA
Rwanda,NA,NA,NA,26.5735766723781,NA,NA,NA,NA,NA,NA,NA,NA,NA,NA,NA,NA,NA,NA,NA,NA,NA,NA,NA,NA,NA,59.7503373819163,NA,NA,NA,NA,NA,NA,NA,NA,NA,61.5486127415659,NA
Saint Kitts and Nevis,NA,NA,NA,NA,NA,NA,NA,NA,NA,NA,NA,NA,NA,NA,NA,NA,NA,NA,NA,NA,NA,NA,NA,NA,NA,NA,NA,NA,NA,NA,NA,NA,NA,NA,NA,NA,NA
Saint Lucia,NA,NA,NA,NA,NA,NA,NA,NA,NA,NA,NA,NA,NA,NA,NA,NA,NA,NA,NA,NA,NA,NA,NA,NA,NA,NA,NA,NA,NA,NA,NA,NA,NA,NA,NA,NA,NA
Saint Vincent and the Grenadines,NA,NA,NA,NA,NA,NA,NA,NA,NA,NA,NA,NA,NA,NA,NA,NA,NA,NA,NA,NA,NA,NA,NA,NA,NA,NA,NA,NA,NA,NA,NA,NA,NA,NA,NA,NA,NA
Samoa,NA,NA,NA,NA,NA,NA,NA,NA,NA,NA,NA,NA,NA,NA,NA,NA,97.4217391304348,NA,NA,NA,NA,NA,NA,NA,NA,NA,NA,NA,NA,98.24641,NA,NA,NA,NA,NA,NA,98.61721
San Marino,NA,NA,NA,NA,NA,NA,NA,NA,NA,NA,NA,NA,NA,NA,NA,NA,NA,NA,NA,NA,NA,NA,NA,NA,NA,NA,NA,NA,NA,NA,NA,NA,NA,NA,NA,NA,NA
Sao Tome and Principe,NA,NA,NA,NA,NA,NA,42.3633833540186,NA,NA,NA,NA,NA,NA,NA,NA,NA,61.9204782513933,NA,NA,NA,NA,NA,NA,NA,NA,NA,77.949234587316,NA,NA,NA,NA,NA,NA,60.0830262127705,NA,NA,NA
Saudi Arabia,NA,NA,NA,NA,NA,NA,NA,NA,NA,NA,NA,NA,NA,NA,NA,NA,NA,57.2778412818708,NA,NA,NA,NA,NA,NA,NA,69.2911927938937,NA,NA,NA,76.3351552547258,NA,NA,NA,NA,NA,NA,82.23673
Senegal,NA,NA,NA,NA,NA,NA,NA,NA,NA,NA,NA,NA,NA,17.8632660373953,NA,NA,NA,NA,NA,NA,NA,NA,NA,NA,NA,NA,NA,29.2473426420034,NA,NA,NA,32.9875849937776,NA,NA,38.6662490122546,NA,NA
Serbia,NA,NA,NA,NA,NA,NA,NA,NA,NA,NA,NA,NA,NA,NA,NA,NA,NA,NA,NA,NA,NA,NA,NA,NA,NA,NA,NA,NA,NA,NA,NA,NA,NA,NA,NA,NA,96.87049
Seychelles,NA,NA,NA,NA,NA,NA,NA,NA,NA,NA,NA,NA,85.4893039940505,NA,NA,NA,NA,NA,NA,88.5865984575437,NA,NA,NA,NA,NA,NA,NA,92.2589795177941,NA,NA,NA,NA,NA,NA,NA,NA,92.25897952
Sierra Leone,NA,NA,NA,NA,NA,NA,NA,NA,NA,NA,NA,NA,NA,NA,NA,NA,NA,NA,NA,NA,NA,NA,NA,NA,NA,NA,NA,NA,NA,24.1589269429493,NA,NA,NA,NA,NA,NA,32.62891
Singapore,NA,NA,NA,NA,NA,73.9685367947783,NA,NA,NA,NA,NA,NA,NA,NA,NA,83.0268481059213,NA,NA,NA,NA,NA,NA,NA,NA,NA,88.6451751639692,NA,NA,NA,NA,NA,NA,NA,NA,NA,93.7748139231214,NA
Slovak Republic,NA,NA,NA,NA,NA,NA,NA,NA,NA,NA,NA,NA,NA,NA,NA,NA,NA,NA,NA,NA,NA,NA,NA,NA,NA,NA,NA,NA,NA,NA,NA,NA,NA,NA,NA,NA,NA
Slovenia,NA,NA,NA,NA,NA,NA,NA,NA,NA,NA,NA,NA,NA,NA,NA,NA,99.4537520703274,NA,NA,NA,NA,NA,NA,NA,NA,NA,NA,NA,NA,99.61597,NA,NA,NA,NA,NA,NA,99.67143
Solomon Islands,NA,NA,NA,NA,NA,NA,NA,NA,NA,NA,NA,NA,NA,NA,NA,NA,NA,NA,NA,NA,NA,NA,NA,NA,NA,NA,NA,NA,NA,NA,NA,NA,NA,NA,NA,NA,NA
Somalia,NA,NA,NA,NA,NA,NA,NA,NA,NA,NA,NA,NA,NA,NA,NA,NA,NA,NA,NA,NA,NA,NA,NA,NA,NA,NA,NA,NA,NA,NA,NA,NA,NA,NA,NA,NA,NA
South Africa,NA,NA,NA,NA,NA,74.8071886445019,NA,NA,NA,NA,NA,NA,NA,NA,NA,NA,NA,NA,NA,NA,NA,80.9286292432999,NA,NA,NA,NA,NA,NA,NA,NA,NA,NA,87.0431020244616,NA,NA,NA,92.1837141560597
Spain,NA,NA,NA,NA,NA,NA,89.9369219380133,NA,NA,NA,NA,NA,NA,NA,NA,NA,95.0509963335018,NA,NA,NA,NA,NA,NA,NA,NA,NA,NA,NA,NA,NA,96.9251548442515,NA,97.2603227322818,96.8868391471882,96.9259679115986,97.004503931397693,NA
Sri Lanka,NA,NA,NA,NA,NA,NA,82.0219742738346,NA,NA,NA,NA,NA,NA,NA,NA,NA,NA,NA,NA,NA,NA,NA,NA,NA,NA,NA,89.1357642652876,NA,NA,NA,NA,89.0913523171477,NA,89.0734723237341,NA,89.9586784880736,NA
Sudan,NA,NA,NA,NA,NA,NA,NA,NA,NA,NA,NA,NA,NA,NA,NA,NA,NA,NA,NA,NA,NA,NA,NA,NA,NA,52.146396506893,NA,NA,NA,NA,NA,NA,NA,NA,NA,NA,63.16023
Suriname,NA,NA,NA,NA,NA,NA,NA,NA,NA,NA,NA,NA,NA,NA,NA,NA,NA,NA,NA,NA,NA,NA,NA,NA,NA,NA,NA,NA,NA,87.1974362895714,NA,NA,NA,93.765371472171,NA,94.0035411541656,NA
Swaziland,NA,53.6659591515441,NA,NA,NA,NA,NA,NA,NA,NA,NA,65.2228821956065,NA,NA,NA,NA,NA,NA,NA,NA,NA,NA,NA,NA,NA,80.3287521504362,NA,NA,NA,NA,NA,NA,NA,NA,NA,NA,87.32746
Sweden,NA,NA,NA,NA,NA,NA,NA,NA,NA,NA,NA,NA,NA,NA,NA,NA,NA,NA,NA,NA,NA,NA,NA,NA,NA,NA,NA,NA,NA,NA,NA,NA,NA,NA,NA,NA,NA
Switzerland,NA,NA,NA,NA,NA,NA,NA,NA,NA,NA,NA,NA,NA,NA,NA,NA,NA,NA,NA,NA,NA,NA,NA,NA,NA,NA,NA,NA,NA,NA,NA,NA,NA,NA,NA,NA,NA
Syria,NA,NA,NA,NA,NA,NA,37.0591588346079,NA,NA,NA,NA,NA,NA,NA,NA,NA,NA,NA,NA,NA,NA,NA,NA,NA,NA,NA,NA,74.2404402261833,NA,73.6265610418379,NA,NA,NA,NA,NA,NA,77.74985
Tajikistan,NA,NA,NA,NA,NA,NA,NA,NA,NA,NA,NA,NA,NA,NA,96.641802622934,NA,NA,NA,NA,NA,NA,NA,NA,NA,NA,99.2217355833226,NA,NA,NA,NA,NA,NA,NA,NA,NA,NA,99.61533
Tanzania,NA,NA,NA,NA,NA,NA,NA,NA,NA,NA,NA,NA,NA,48.0880241442114,NA,NA,NA,NA,NA,NA,NA,NA,NA,NA,NA,NA,NA,62.172317591302,NA,NA,NA,NA,NA,NA,NA,60.7526183094001,NA
Thailand,NA,NA,NA,NA,NA,83.89335419199,NA,NA,NA,NA,NA,NA,NA,NA,NA,NA,NA,NA,NA,NA,NA,NA,NA,NA,NA,90.5160168482374,NA,NA,NA,NA,91.5295486782417,NA,NA,NA,NA,NA,NA
Timor-Leste,NA,NA,NA,NA,NA,NA,NA,NA,NA,NA,NA,NA,NA,NA,NA,NA,NA,NA,NA,NA,NA,NA,NA,NA,NA,NA,30,NA,NA,NA,NA,NA,42.5,NA,NA,52.9589997188363,NA
Togo,NA,NA,NA,NA,NA,NA,NA,NA,NA,NA,NA,NA,NA,NA,NA,NA,NA,NA,NA,NA,NA,NA,NA,NA,NA,38.4532924961715,NA,NA,NA,NA,NA,44.3766257885113,NA,NA,43.6068978692022,NA,47.9773866234705
Tokelau,NA,NA,NA,NA,NA,NA,NA,NA,NA,NA,NA,NA,NA,NA,NA,NA,NA,NA,NA,NA,NA,NA,NA,NA,NA,NA,NA,NA,NA,NA,NA,NA,NA,NA,NA,NA,NA
Tonga,NA,99.5255348516218,NA,NA,NA,NA,NA,NA,NA,NA,NA,NA,NA,NA,NA,NA,NA,NA,NA,NA,NA,98.9755497882803,NA,NA,NA,NA,NA,NA,NA,NA,NA,99.0825107567704,NA,NA,NA,NA,NA
Trinidad and Tobago,NA,NA,NA,NA,NA,93.46416529783,NA,NA,NA,NA,NA,NA,NA,NA,NA,95.661794127383,NA,NA,NA,NA,NA,NA,NA,NA,NA,NA,NA,NA,NA,97.8103,NA,NA,NA,NA,NA,NA,98.4869
Tunisia,NA,NA,NA,NA,NA,NA,NA,NA,NA,35.7675668683617,NA,NA,NA,NA,NA,NA,NA,NA,NA,48.24096,NA,NA,NA,NA,NA,NA,NA,NA,NA,65.3478593272171,NA,NA,68.5093785940103,70.9641765651336,NA,71.0882116494921,NA
Turkey,45.0989205984787,NA,NA,NA,NA,49.8064066458463,NA,NA,NA,NA,64.2317240884216,NA,NA,NA,NA,68.5196551900786,NA,NA,NA,NA,NA,NA,NA,NA,NA,NA,NA,NA,NA,79.5816931090699,80.5489534616269,80.3851613150727,81.2638268774386,NA,85.3471567659078,88.0731707214341,90.310104699489
Turkmenistan,NA,NA,NA,NA,NA,NA,NA,NA,NA,NA,NA,NA,NA,NA,NA,NA,NA,NA,NA,NA,98.2617654879022,NA,NA,NA,NA,NA,NA,NA,NA,NA,NA,NA,NA,NA,NA,NA,99.49422
Turks and Caicos Islands,NA,NA,NA,NA,NA,NA,NA,NA,NA,NA,NA,NA,NA,NA,NA,NA,NA,NA,NA,NA,NA,NA,NA,NA,NA,NA,NA,NA,NA,NA,NA,NA,NA,NA,NA,NA,NA
Tuvalu,NA,NA,NA,NA,NA,NA,NA,NA,NA,NA,NA,NA,NA,NA,NA,NA,NA,NA,NA,NA,NA,NA,NA,NA,NA,NA,NA,NA,NA,NA,NA,NA,NA,NA,NA,NA,NA
Uganda,NA,NA,NA,NA,NA,NA,NA,NA,NA,NA,NA,NA,NA,NA,NA,NA,44.8266922766797,NA,NA,NA,NA,NA,NA,NA,NA,NA,NA,58.9098829787251,NA,NA,NA,62.078968678961,NA,NA,NA,64.5914507054132,NA
Ukraine,NA,NA,NA,NA,NA,NA,NA,NA,NA,NA,NA,NA,NA,NA,NA,NA,NA,NA,NA,NA,NA,NA,NA,NA,NA,NA,99.1715723805537,NA,NA,NA,NA,NA,NA,NA,NA,NA,99.6604
United Arab Emirates,38.1248699271592,NA,NA,NA,NA,NA,NA,NA,NA,NA,68.6612829784668,NA,NA,NA,NA,NA,NA,NA,NA,NA,NA,NA,NA,NA,NA,NA,NA,NA,NA,NA,91.4747488889642,NA,NA,NA,NA,NA,NA
United Kingdom,NA,NA,NA,NA,NA,NA,NA,NA,NA,NA,NA,NA,NA,NA,NA,NA,NA,NA,NA,NA,NA,NA,NA,NA,NA,NA,NA,NA,NA,NA,NA,NA,NA,NA,NA,NA,NA
United States,NA,NA,NA,NA,NA,NA,NA,NA,NA,NA,NA,NA,NA,NA,NA,NA,NA,NA,NA,NA,NA,NA,NA,NA,NA,NA,NA,NA,NA,NA,NA,NA,NA,NA,NA,NA,NA
Uruguay,94.3045220377791,NA,NA,NA,NA,NA,NA,NA,NA,NA,95.8815375593112,NA,NA,NA,NA,NA,NA,NA,NA,NA,NA,97.2709597358028,NA,NA,NA,NA,NA,NA,NA,NA,NA,98.084359367852,98.2419334974084,98.4636604900629,98.6060161408657,98.4909530437331,NA
Uzbekistan,NA,NA,NA,NA,NA,NA,NA,NA,NA,NA,NA,NA,NA,NA,NA,NA,NA,NA,NA,NA,NA,NA,NA,NA,NA,98.1385840327093,NA,NA,NA,NA,NA,NA,NA,NA,NA,NA,99.23196
Vanuatu,NA,NA,NA,NA,47.7825918489556,NA,NA,NA,NA,NA,NA,NA,NA,NA,NA,NA,NA,NA,NA,65.45371,NA,NA,NA,NA,NA,NA,NA,NA,NA,76.04636,NA,NA,NA,NA,NA,NA,81.55354
Venezuela,NA,NA,NA,NA,NA,NA,83.0046639334158,NA,NA,NA,NA,NA,NA,NA,NA,89.0048547042946,NA,NA,NA,NA,NA,NA,NA,NA,NA,NA,92.7159786583056,NA,NA,NA,NA,NA,94.9296433948037,NA,95.3503981021325,NA,NA
West Bank and Gaza,NA,NA,NA,NA,NA,NA,NA,NA,NA,NA,NA,NA,NA,NA,NA,NA,NA,NA,NA,NA,NA,NA,79.7266224380119,NA,NA,NA,NA,NA,NA,87.9517364186501,NA,89.756918399153,90.4651835306084,90.9028544129941,91.7045322972248,92.1727958423831,92.6161796937761
Vietnam,NA,NA,NA,NA,78.1403902217465,NA,NA,NA,NA,NA,NA,NA,NA,NA,82.8293915301559,NA,NA,NA,NA,NA,NA,NA,NA,NA,86.9200801933815,86.6101131071191,NA,NA,NA,NA,NA,NA,NA,NA,NA,NA,91.38346
"Yemen, Rep.",NA,NA,NA,NA,NA,NA,NA,NA,NA,NA,NA,NA,NA,NA,NA,NA,NA,NA,NA,17.0595646640101,NA,NA,NA,NA,NA,NA,NA,NA,NA,35.48549,NA,NA,NA,NA,NA,NA,48.53905
Zambia,NA,NA,NA,NA,NA,NA,NA,NA,NA,NA,NA,NA,NA,NA,NA,57.3577221193982,NA,NA,NA,NA,NA,NA,NA,NA,59.802845908864,NA,NA,61.8392780403954,NA,NA,NA,NA,51.7869665437095,NA,NA,NA,NA
Zimbabwe,NA,NA,NA,NA,NA,NA,NA,71.853928061029407,NA,NA,NA,NA,NA,NA,NA,NA,NA,78.5170178574653,NA,NA,NA,NA,NA,NA,NA,NA,NA,NA,NA,NA,NA,NA,NA,NA,NA,NA,80.0656593368591
Abkhazia,NA,NA,NA,NA,NA,NA,NA,NA,NA,NA,NA,NA,NA,NA,NA,NA,NA,NA,NA,NA,NA,NA,NA,NA,NA,NA,NA,NA,NA,NA,NA,NA,NA,NA,NA,NA,NA
Akrotiri and Dhekelia,NA,NA,NA,NA,NA,NA,NA,NA,NA,NA,NA,NA,NA,NA,NA,NA,NA,NA,NA,NA,NA,NA,NA,NA,NA,NA,NA,NA,NA,NA,NA,NA,NA,NA,NA,NA,NA
American Samoa,NA,NA,NA,NA,NA,NA,NA,NA,NA,NA,NA,NA,NA,NA,NA,NA,NA,NA,NA,NA,NA,NA,NA,NA,NA,NA,NA,NA,NA,NA,NA,NA,NA,NA,NA,NA,NA
Channel Islands,NA,NA,NA,NA,NA,NA,NA,NA,NA,NA,NA,NA,NA,NA,NA,NA,NA,NA,NA,NA,NA,NA,NA,NA,NA,NA,NA,NA,NA,NA,NA,NA,NA,NA,NA,NA,NA
Christmas Island,NA,NA,NA,NA,NA,NA,NA,NA,NA,NA,NA,NA,NA,NA,NA,NA,NA,NA,NA,NA,NA,NA,NA,NA,NA,NA,NA,NA,NA,NA,NA,NA,NA,NA,NA,NA,NA
Cocos Island,NA,NA,NA,NA,NA,NA,NA,NA,NA,NA,NA,NA,NA,NA,NA,NA,NA,NA,NA,NA,NA,NA,NA,NA,NA,NA,NA,NA,NA,NA,NA,NA,NA,NA,NA,NA,NA
Czechoslovakia,NA,NA,NA,NA,NA,NA,NA,NA,NA,NA,NA,NA,NA,NA,NA,NA,NA,NA,NA,NA,NA,NA,NA,NA,NA,NA,NA,NA,NA,NA,NA,NA,NA,NA,NA,NA,NA
East Germany,NA,NA,NA,NA,NA,NA,NA,NA,NA,NA,NA,NA,NA,NA,NA,NA,NA,NA,NA,NA,NA,NA,NA,NA,NA,NA,NA,NA,NA,NA,NA,NA,NA,NA,NA,NA,NA
Eritrea and Ethiopia,NA,NA,NA,NA,NA,NA,NA,NA,NA,NA,NA,NA,NA,NA,NA,NA,NA,NA,NA,NA,NA,NA,NA,NA,NA,NA,NA,NA,NA,NA,NA,NA,NA,NA,NA,NA,NA
Faeroe Islands,NA,NA,NA,NA,NA,NA,NA,NA,NA,NA,NA,NA,NA,NA,NA,NA,NA,NA,NA,NA,NA,NA,NA,NA,NA,NA,NA,NA,NA,NA,NA,NA,NA,NA,NA,NA,NA
Falkland Islands (Malvinas),NA,NA,NA,NA,NA,NA,NA,NA,NA,NA,NA,NA,NA,NA,NA,NA,NA,NA,NA,NA,NA,NA,NA,NA,NA,NA,NA,NA,NA,NA,NA,NA,NA,NA,NA,NA,NA
French Guiana,NA,NA,NA,NA,NA,NA,NA,NA,NA,NA,NA,NA,NA,NA,NA,NA,NA,NA,NA,NA,NA,NA,NA,NA,NA,NA,NA,NA,NA,NA,NA,NA,NA,NA,NA,NA,NA
French Polynesia,NA,NA,NA,NA,NA,NA,NA,NA,NA,NA,NA,NA,NA,NA,NA,NA,NA,NA,NA,NA,NA,NA,NA,NA,NA,NA,NA,NA,NA,NA,NA,NA,NA,NA,NA,NA,NA
Greenland,NA,NA,NA,NA,NA,NA,NA,NA,NA,NA,NA,NA,NA,NA,NA,NA,NA,NA,NA,NA,NA,NA,NA,NA,NA,NA,NA,NA,NA,NA,NA,NA,NA,NA,NA,NA,NA
Guadeloupe,NA,NA,NA,NA,NA,NA,NA,NA,NA,NA,NA,NA,NA,NA,NA,NA,NA,NA,NA,NA,NA,NA,NA,NA,NA,NA,NA,NA,NA,NA,NA,NA,NA,NA,NA,NA,NA
Guam,NA,NA,NA,NA,NA,NA,NA,NA,NA,NA,NA,NA,NA,NA,NA,NA,NA,NA,NA,NA,NA,NA,NA,NA,NA,NA,NA,NA,NA,NA,NA,NA,NA,NA,NA,NA,NA
Guernsey,NA,NA,NA,NA,NA,NA,NA,NA,NA,NA,NA,NA,NA,NA,NA,NA,NA,NA,NA,NA,NA,NA,NA,NA,NA,NA,NA,NA,NA,NA,NA,NA,NA,NA,NA,NA,NA
Isle of Man,NA,NA,NA,NA,NA,NA,NA,NA,NA,NA,NA,NA,NA,NA,NA,NA,NA,NA,NA,NA,NA,NA,NA,NA,NA,NA,NA,NA,NA,NA,NA,NA,NA,NA,NA,NA,NA
Jersey,NA,NA,NA,NA,NA,NA,NA,NA,NA,NA,NA,NA,NA,NA,NA,NA,NA,NA,NA,NA,NA,NA,NA,NA,NA,NA,NA,NA,NA,NA,NA,NA,NA,NA,NA,NA,NA
"Korea, United",NA,NA,NA,NA,NA,NA,NA,NA,NA,NA,NA,NA,NA,NA,NA,NA,NA,NA,NA,NA,NA,NA,NA,NA,NA,NA,NA,NA,NA,NA,NA,NA,NA,NA,NA,NA,NA
Kosovo,NA,NA,NA,NA,NA,NA,NA,NA,NA,NA,NA,NA,NA,NA,NA,NA,NA,NA,NA,NA,NA,NA,NA,NA,NA,NA,NA,NA,NA,NA,NA,NA,NA,NA,NA,NA,NA
Martinique,NA,NA,NA,NA,NA,NA,NA,NA,NA,NA,NA,NA,NA,NA,NA,NA,NA,NA,NA,NA,NA,NA,NA,NA,NA,NA,NA,NA,NA,NA,NA,NA,NA,NA,NA,NA,NA
Mayotte,NA,NA,NA,NA,NA,NA,NA,NA,NA,NA,NA,NA,NA,NA,NA,NA,NA,NA,NA,NA,NA,NA,NA,NA,NA,NA,NA,NA,NA,NA,NA,NA,NA,NA,NA,NA,NA
New Caledonia,NA,NA,NA,NA,NA,NA,NA,NA,NA,NA,NA,NA,NA,NA,NA,NA,NA,NA,NA,NA,NA,NA,NA,NA,NA,NA,NA,NA,NA,NA,NA,NA,NA,NA,NA,NA,NA
Ngorno-Karabakh,NA,NA,NA,NA,NA,NA,NA,NA,NA,NA,NA,NA,NA,NA,NA,NA,NA,NA,NA,NA,NA,NA,NA,NA,NA,NA,NA,NA,NA,NA,NA,NA,NA,NA,NA,NA,NA
Norfolk Island,NA,NA,NA,NA,NA,NA,NA,NA,NA,NA,NA,NA,NA,NA,NA,NA,NA,NA,NA,NA,NA,NA,NA,NA,NA,NA,NA,NA,NA,NA,NA,NA,NA,NA,NA,NA,NA
Northern Cyprus,NA,NA,NA,NA,NA,NA,NA,NA,NA,NA,NA,NA,NA,NA,NA,NA,NA,NA,NA,NA,NA,NA,NA,NA,NA,NA,NA,NA,NA,NA,NA,NA,NA,NA,NA,NA,NA
Northern Mariana Islands,NA,NA,NA,NA,NA,NA,NA,NA,NA,NA,NA,NA,NA,NA,NA,NA,NA,NA,NA,NA,NA,NA,NA,NA,NA,NA,NA,NA,NA,NA,NA,NA,NA,NA,NA,NA,NA
Pitcairn,NA,NA,NA,NA,NA,NA,NA,NA,NA,NA,NA,NA,NA,NA,NA,NA,NA,NA,NA,NA,NA,NA,NA,NA,NA,NA,NA,NA,NA,NA,NA,NA,NA,NA,NA,NA,NA
Reunion,NA,NA,NA,NA,NA,NA,NA,NA,NA,NA,NA,NA,NA,NA,NA,NA,NA,NA,NA,NA,NA,NA,NA,NA,NA,NA,NA,NA,NA,NA,NA,NA,NA,NA,NA,NA,NA
Saint Barthélemy,NA,NA,NA,NA,NA,NA,NA,NA,NA,NA,NA,NA,NA,NA,NA,NA,NA,NA,NA,NA,NA,NA,NA,NA,NA,NA,NA,NA,NA,NA,NA,NA,NA,NA,NA,NA,NA
Saint Helena,NA,NA,NA,NA,NA,NA,NA,NA,NA,NA,NA,NA,NA,NA,NA,NA,NA,NA,NA,NA,NA,NA,NA,NA,NA,NA,NA,NA,NA,NA,NA,NA,NA,NA,NA,NA,NA
Saint Martin,NA,NA,NA,NA,NA,NA,NA,NA,NA,NA,NA,NA,NA,NA,NA,NA,NA,NA,NA,NA,NA,NA,NA,NA,NA,NA,NA,NA,NA,NA,NA,NA,NA,NA,NA,NA,NA
Saint-Pierre-et-Miquelon,NA,NA,NA,NA,NA,NA,NA,NA,NA,NA,NA,NA,NA,NA,NA,NA,NA,NA,NA,NA,NA,NA,NA,NA,NA,NA,NA,NA,NA,NA,NA,NA,NA,NA,NA,NA,NA
Serbia and Montenegro,NA,NA,NA,NA,NA,NA,NA,NA,NA,NA,NA,NA,NA,NA,NA,NA,NA,NA,NA,NA,NA,NA,NA,NA,NA,NA,NA,NA,NA,NA,NA,NA,NA,NA,NA,NA,NA
Serbia excluding Kosovo,NA,NA,NA,NA,NA,NA,NA,NA,NA,NA,NA,NA,NA,NA,NA,NA,NA,NA,NA,NA,NA,NA,NA,NA,NA,NA,NA,NA,NA,NA,NA,NA,NA,NA,NA,NA,NA
Somaliland,NA,NA,NA,NA,NA,NA,NA,NA,NA,NA,NA,NA,NA,NA,NA,NA,NA,NA,NA,NA,NA,NA,NA,NA,NA,NA,NA,NA,NA,NA,NA,NA,NA,NA,NA,NA,NA
South Ossetia,NA,NA,NA,NA,NA,NA,NA,NA,NA,NA,NA,NA,NA,NA,NA,NA,NA,NA,NA,NA,NA,NA,NA,NA,NA,NA,NA,NA,NA,NA,NA,NA,NA,NA,NA,NA,NA
South Sudan,NA,NA,NA,NA,NA,NA,NA,NA,NA,NA,NA,NA,NA,NA,NA,NA,NA,NA,NA,NA,NA,NA,NA,NA,NA,NA,NA,NA,NA,NA,NA,NA,NA,NA,NA,NA,NA
Svalbard,NA,NA,NA,NA,NA,NA,NA,NA,NA,NA,NA,NA,NA,NA,NA,NA,NA,NA,NA,NA,NA,NA,NA,NA,NA,NA,NA,NA,NA,NA,NA,NA,NA,NA,NA,NA,NA
Taiwan,NA,NA,NA,NA,NA,NA,NA,NA,NA,NA,NA,NA,NA,NA,NA,NA,NA,NA,NA,NA,NA,NA,NA,NA,NA,NA,NA,NA,NA,NA,NA,NA,NA,NA,NA,NA,NA
Transnistria,NA,NA,NA,NA,NA,NA,NA,NA,NA,NA,NA,NA,NA,NA,NA,NA,NA,NA,NA,NA,NA,NA,NA,NA,NA,NA,NA,NA,NA,NA,NA,NA,NA,NA,NA,NA,NA
USSR,NA,NA,NA,NA,NA,NA,NA,NA,NA,NA,NA,NA,NA,NA,NA,NA,NA,NA,NA,NA,NA,NA,NA,NA,NA,NA,NA,NA,NA,NA,NA,NA,NA,NA,NA,NA,NA
Wallis et Futuna,NA,NA,NA,NA,NA,NA,NA,NA,NA,NA,NA,NA,NA,NA,NA,NA,NA,NA,NA,NA,NA,NA,NA,NA,NA,NA,NA,NA,NA,NA,NA,NA,NA,NA,NA,NA,NA
West Germany,NA,NA,NA,NA,NA,NA,NA,NA,NA,NA,NA,NA,NA,NA,NA,NA,NA,NA,NA,NA,NA,NA,NA,NA,NA,NA,NA,NA,NA,NA,NA,NA,NA,NA,NA,NA,NA
Western Sahara,NA,NA,NA,NA,NA,NA,NA,NA,NA,NA,NA,NA,NA,NA,NA,NA,NA,NA,NA,NA,NA,NA,NA,NA,NA,NA,NA,NA,NA,NA,NA,NA,NA,NA,NA,NA,NA
Virgin Islands (U.S.),NA,NA,NA,NA,NA,NA,NA,NA,NA,NA,NA,NA,NA,NA,NA,NA,NA,NA,NA,NA,NA,NA,NA,NA,NA,NA,NA,NA,NA,NA,NA,NA,NA,NA,NA,NA,NA
Yemen Arab Republic (Former),NA,NA,NA,NA,NA,NA,NA,NA,NA,NA,NA,NA,NA,NA,NA,NA,NA,NA,NA,NA,NA,NA,NA,NA,NA,NA,NA,NA,NA,NA,NA,NA,NA,NA,NA,NA,NA
Yemen Democratic (Former),NA,NA,NA,NA,NA,NA,NA,NA,NA,NA,NA,NA,NA,NA,NA,NA,NA,NA,NA,NA,NA,NA,NA,NA,NA,NA,NA,NA,NA,NA,NA,NA,NA,NA,NA,NA,NA
Yugoslavia,NA,NA,NA,NA,NA,NA,NA,NA,NA,NA,NA,NA,NA,NA,NA,NA,NA,NA,NA,NA,NA,NA,NA,NA,NA,NA,NA,NA,NA,NA,NA,NA,NA,NA,NA,NA,NA
Åland,NA,NA,NA,NA,NA,NA,NA,NA,NA,NA,NA,NA,NA,NA,NA,NA,NA,NA,NA,NA,NA,NA,NA,NA,NA,NA,NA,NA,NA,NA,NA,NA,NA,NA,NA,NA,NA
